{
  "answer_relevancy": {
    "mean": 0.9632788671023965,
    "std": 0.11427119821075825,
    "variance": 0.013057906740522398,
    "count": 255,
    "min": 0.3333333333333333,
    "max": 1.0
  },
  "faithfulness": {
    "mean": 0.85,
    "std": 0.2832006609792515,
    "variance": 0.08020261437908495,
    "count": 255,
    "min": 0.0,
    "max": 1.0
  },
  "contextual_relevancy": {
    "mean": 0.8158123598401088,
    "std": 0.18956000176658802,
    "variance": 0.03593299426974885,
    "count": 255,
    "min": 0.2222222222222222,
    "max": 1.0
  },
  "hallucination": {
    "mean": 0.4980392156862745,
    "std": 0.4999961553100934,
    "variance": 0.24999615532487504,
    "count": 255,
    "min": 0.0,
    "max": 1.0
  },
  "factual_correctness": {
    "mean": 0.681468959689239,
    "std": 0.19660213909756255,
    "variance": 0.03865240109773733,
    "count": 255,
    "min": 0.06975380815348761,
    "max": 1.0
  },
  "bleu1": {
    "mean": 0.22508561341736225,
    "std": 0.10350160802065918,
    "variance": 0.010712582862862181,
    "count": 255,
    "min": 0.0,
    "max": 0.6
  },
  "bleu2": {
    "mean": 0.11559180855309151,
    "std": 0.09244409109890546,
    "variance": 0.00854590997910273,
    "count": 255,
    "min": 0.0,
    "max": 0.5381962211069427
  },
  "bleu3": {
    "mean": 0.06890644699600841,
    "std": 0.08490166646780958,
    "variance": 0.007208292969011182,
    "count": 255,
    "min": 0.0,
    "max": 0.5023292715480745
  },
  "bleu4": {
    "mean": 0.040826882263838266,
    "std": 0.07304834620215273,
    "variance": 0.0053360608828695606,
    "count": 255,
    "min": 0.0,
    "max": 0.4742238106152008
  },
  "rouge1": {
    "mean": 0.3065939058996281,
    "std": 0.1046943913361603,
    "variance": 0.010960915577249078,
    "count": 255,
    "min": 0.0,
    "max": 0.7586206896551724
  },
  "rouge2": {
    "mean": 0.10647033143227738,
    "std": 0.08848055052511779,
    "variance": 0.00782880782122792,
    "count": 255,
    "min": 0.0,
    "max": 0.6071428571428571
  },
  "rougeL": {
    "mean": 0.23708248896636128,
    "std": 0.0983991770167182,
    "variance": 0.009682398037567442,
    "count": 255,
    "min": 0.0,
    "max": 0.7586206896551724
  },
  "bert_precision": {
    "mean": 0.8637473412588531,
    "std": 0.026395849649867718,
    "variance": 0.0006967408787384217,
    "count": 255,
    "min": 0.7707867622375488,
    "max": 0.9347335696220398
  },
  "bert_recall": {
    "mean": 0.8439992582096772,
    "std": 0.03046796358400207,
    "variance": 0.0009282968049560762,
    "count": 255,
    "min": 0.6173889636993408,
    "max": 0.9476038217544556
  },
  "bert_f1": {
    "mean": 0.8534715114855299,
    "std": 0.02449155089738992,
    "variance": 0.000599836065359441,
    "count": 255,
    "min": 0.7233883142471313,
    "max": 0.9328221678733826
  }
}