{
  "answer_relevancy": {
    "mean": 0.8857098886740965,
    "std": 0.20323678006860907,
    "variance": 0.041305188772656175,
    "count": 255,
    "min": 0.0,
    "max": 1.0
  },
  "faithfulness": {
    "mean": 0.9653085150143974,
    "std": 0.10997714385201272,
    "variance": 0.0120949721698463,
    "count": 255,
    "min": 0.0,
    "max": 1.0
  },
  "contextual_relevancy": {
    "mean": 0.669680983504513,
    "std": 0.3364709710251028,
    "variance": 0.11321271434257558,
    "count": 255,
    "min": 0.0,
    "max": 1.0
  },
  "hallucination": {
    "mean": 0.3137254901960784,
    "std": 0.4640062574980091,
    "variance": 0.21530180699730875,
    "count": 255,
    "min": 0.0,
    "max": 1.0
  },
  "factual_correctness": {
    "mean": 0.8361772413361738,
    "std": 0.15654669668745677,
    "variance": 0.02450686824375459,
    "count": 255,
    "min": 0.19706877683476795,
    "max": 1.0
  },
  "bleu1": {
    "mean": 0.19275470612691697,
    "std": 0.1491477278854522,
    "variance": 0.022245044733392897,
    "count": 255,
    "min": 0.0,
    "max": 0.8512377088598044
  },
  "bleu2": {
    "mean": 0.12396483768453294,
    "std": 0.1421615109101409,
    "variance": 0.02020989518425411,
    "count": 255,
    "min": 0.0,
    "max": 0.8095032628579325
  },
  "bleu3": {
    "mean": 0.09161682574078736,
    "std": 0.13315594757255758,
    "variance": 0.0177305063739457,
    "count": 255,
    "min": 0.0,
    "max": 0.7661670614280109
  },
  "bleu4": {
    "mean": 0.06839197460427851,
    "std": 0.12158112407997759,
    "variance": 0.014781969732550906,
    "count": 255,
    "min": 0.0,
    "max": 0.7151826245402508
  },
  "rouge1": {
    "mean": 0.3008258781679045,
    "std": 0.17867317638229485,
    "variance": 0.03192410395853865,
    "count": 255,
    "min": 0.0,
    "max": 1.0
  },
  "rouge2": {
    "mean": 0.1461931334691663,
    "std": 0.16800375549795252,
    "variance": 0.028225261861415808,
    "count": 255,
    "min": 0.0,
    "max": 1.0
  },
  "rougeL": {
    "mean": 0.23834201680659695,
    "std": 0.16826702526022164,
    "variance": 0.028313791789924065,
    "count": 255,
    "min": 0.0,
    "max": 1.0
  },
  "bert_precision": {
    "mean": 0.8179612353736279,
    "std": 0.05900922490092205,
    "variance": 0.003482088623407599,
    "count": 255,
    "min": 0.6507743000984192,
    "max": 0.994265079498291
  },
  "bert_recall": {
    "mean": 0.8581574203921299,
    "std": 0.04960957098882288,
    "variance": 0.0024611095336950573,
    "count": 255,
    "min": 0.5802820324897766,
    "max": 0.9894305467605591
  },
  "bert_f1": {
    "mean": 0.8370332301831713,
    "std": 0.05088316052968706,
    "variance": 0.0025890960254899035,
    "count": 255,
    "min": 0.6135099530220032,
    "max": 0.9918419122695923
  }
}