{
  "answer_relevancy": {
    "mean": 0.9635294117647059,
    "std": 0.11900533988624407,
    "variance": 0.014162270921440474,
    "count": 255,
    "min": 0.0,
    "max": 1.0
  },
  "faithfulness": {
    "mean": 0.869673202614379,
    "std": 0.26741256376639005,
    "variance": 0.07150947926011364,
    "count": 255,
    "min": 0.0,
    "max": 1.0
  },
  "contextual_relevancy": {
    "mean": 0.8161696776181824,
    "std": 0.1942638244789999,
    "variance": 0.037738433501207674,
    "count": 255,
    "min": 0.2222222222222222,
    "max": 1.0
  },
  "hallucination": {
    "mean": 0.4627450980392157,
    "std": 0.498610140570659,
    "variance": 0.24861207227989235,
    "count": 255,
    "min": 0.0,
    "max": 1.0
  },
  "factual_correctness": {
    "mean": 0.7077240745067187,
    "std": 0.19580802951767393,
    "variance": 0.03834078442359427,
    "count": 255,
    "min": 0.08986671813244884,
    "max": 1.0
  },
  "bleu1": {
    "mean": 0.221537921817593,
    "std": 0.10590761846968696,
    "variance": 0.01121642364992078,
    "count": 255,
    "min": 0.0,
    "max": 0.7272727272727273
  },
  "bleu2": {
    "mean": 0.1133989563677376,
    "std": 0.0972040902088646,
    "variance": 0.009448635153333086,
    "count": 255,
    "min": 0.0,
    "max": 0.6605782590758164
  },
  "bleu3": {
    "mean": 0.06837349769642026,
    "std": 0.08710671499704263,
    "variance": 0.007587579797576012,
    "count": 255,
    "min": 0.0,
    "max": 0.5820091216337574
  },
  "bleu4": {
    "mean": 0.040344112847208256,
    "std": 0.07372769285008615,
    "variance": 0.0054357726929966455,
    "count": 255,
    "min": 0.0,
    "max": 0.46924700641056
  },
  "rouge1": {
    "mean": 0.3103230496869084,
    "std": 0.10539801898178001,
    "variance": 0.01110874240528366,
    "count": 255,
    "min": 0.00797872340425532,
    "max": 0.7407407407407408
  },
  "rouge2": {
    "mean": 0.11187267215323644,
    "std": 0.09503001074498985,
    "variance": 0.009030702942192886,
    "count": 255,
    "min": 0.0,
    "max": 0.64
  },
  "rougeL": {
    "mean": 0.2425728671405332,
    "std": 0.10212482038397475,
    "variance": 0.010429478938459105,
    "count": 255,
    "min": 0.005319148936170213,
    "max": 0.7407407407407408
  },
  "bert_precision": {
    "mean": 0.8674353349442575,
    "std": 0.030137750799454962,
    "variance": 0.0009082840232500482,
    "count": 255,
    "min": 0.6989643573760986,
    "max": 0.9547107815742493
  },
  "bert_recall": {
    "mean": 0.8458098477008296,
    "std": 0.0319553741928467,
    "variance": 0.0010211459398048526,
    "count": 255,
    "min": 0.6173889636993408,
    "max": 0.9475409388542175
  },
  "bert_f1": {
    "mean": 0.8561806222971748,
    "std": 0.027173164847463818,
    "variance": 0.0007383808878274433,
    "count": 255,
    "min": 0.7233883142471313,
    "max": 0.9388605952262878
  }
}