{
  "answer_relevancy": {
    "mean": 0.9623996265172735,
    "std": 0.11493416103902007,
    "variance": 0.013209861373743399,
    "count": 255,
    "min": 0.4,
    "max": 1.0
  },
  "faithfulness": {
    "mean": 0.88994708994709,
    "std": 0.2410846805893785,
    "variance": 0.05812182321488266,
    "count": 255,
    "min": 0.0,
    "max": 1.0
  },
  "contextual_relevancy": {
    "mean": 0.804670818673093,
    "std": 0.21275112768532828,
    "variance": 0.04526304233137885,
    "count": 255,
    "min": 0.2,
    "max": 1.0
  },
  "hallucination": {
    "mean": 0.4588235294117647,
    "std": 0.49830161375405574,
    "variance": 0.24830449826989617,
    "count": 255,
    "min": 0.0,
    "max": 1.0
  },
  "factual_correctness": {
    "mean": 0.7388084456509458,
    "std": 0.21499185078638952,
    "variance": 0.04622149590455718,
    "count": 255,
    "min": 0.10394280472843438,
    "max": 1.0
  },
  "bleu1": {
    "mean": 0.21932896253856152,
    "std": 0.09791869313765506,
    "variance": 0.009588070465786256,
    "count": 255,
    "min": 0.0,
    "max": 0.4612101411459368
  },
  "bleu2": {
    "mean": 0.11160929246017527,
    "std": 0.08483879643059541,
    "variance": 0.007197621379792009,
    "count": 255,
    "min": 0.0,
    "max": 0.407327774545164
  },
  "bleu3": {
    "mean": 0.06557014106257184,
    "std": 0.0764090449421986,
    "variance": 0.005838342148978925,
    "count": 255,
    "min": 0.0,
    "max": 0.37729425089037016
  },
  "bleu4": {
    "mean": 0.038199508116498214,
    "std": 0.06436144751935917,
    "variance": 0.004142395926787225,
    "count": 255,
    "min": 0.0,
    "max": 0.351911486970854
  },
  "rouge1": {
    "mean": 0.29976127870789077,
    "std": 0.10799046640928611,
    "variance": 0.011661940835295152,
    "count": 255,
    "min": 0.0,
    "max": 0.6176470588235294
  },
  "rouge2": {
    "mean": 0.10365022085981979,
    "std": 0.08633461613559403,
    "variance": 0.007453665943280372,
    "count": 255,
    "min": 0.0,
    "max": 0.5151515151515151
  },
  "rougeL": {
    "mean": 0.23048827582897163,
    "std": 0.09365499964865404,
    "variance": 0.008771258959189388,
    "count": 255,
    "min": 0.0,
    "max": 0.5588235294117647
  },
  "bert_precision": {
    "mean": 0.8610936964259428,
    "std": 0.03060412335480586,
    "variance": 0.0009366123663161734,
    "count": 255,
    "min": 0.6905006766319275,
    "max": 0.9457272291183472
  },
  "bert_recall": {
    "mean": 0.844770453490463,
    "std": 0.031610797786813284,
    "variance": 0.0009992425367187996,
    "count": 255,
    "min": 0.6173889636993408,
    "max": 0.9314903020858765
  },
  "bert_f1": {
    "mean": 0.8525799875165901,
    "std": 0.02775337660579733,
    "variance": 0.0007702499130232184,
    "count": 255,
    "min": 0.7233883142471313,
    "max": 0.9270869493484497
  }
}