{
  "answer_relevancy": {
    "mean": 0.9578660555131143,
    "std": 0.12858613305392882,
    "variance": 0.016534393613762688,
    "count": 255,
    "min": 0.0,
    "max": 1.0
  },
  "faithfulness": {
    "mean": 0.8779738562091502,
    "std": 0.2550142705489334,
    "variance": 0.06503227818360459,
    "count": 255,
    "min": 0.0,
    "max": 1.0
  },
  "contextual_relevancy": {
    "mean": 0.8179303210007876,
    "std": 0.20062595417156429,
    "variance": 0.04025077348725061,
    "count": 255,
    "min": 0.16666666666666666,
    "max": 1.0
  },
  "hallucination": {
    "mean": 0.4627450980392157,
    "std": 0.498610140570659,
    "variance": 0.24861207227989235,
    "count": 255,
    "min": 0.0,
    "max": 1.0
  },
  "factual_correctness": {
    "mean": 0.7033591534105553,
    "std": 0.21213200665026644,
    "variance": 0.044999988245468685,
    "count": 255,
    "min": 0.08637043439412975,
    "max": 1.0
  },
  "bleu1": {
    "mean": 0.2217480297581474,
    "std": 0.09739547927994825,
    "variance": 0.009485879384170828,
    "count": 255,
    "min": 0.0,
    "max": 0.6071428571428571
  },
  "bleu2": {
    "mean": 0.11699324075004731,
    "std": 0.08972936248655816,
    "variance": 0.008051358492244151,
    "count": 255,
    "min": 0.0,
    "max": 0.5610836076867821
  },
  "bleu3": {
    "mean": 0.07133299907310585,
    "std": 0.08349090349107849,
    "variance": 0.006970730965756583,
    "count": 255,
    "min": 0.0,
    "max": 0.5291110234516087
  },
  "bleu4": {
    "mean": 0.043253270919991066,
    "std": 0.07276194689368118,
    "variance": 0.00529430091575888,
    "count": 255,
    "min": 0.0,
    "max": 0.5028389768386338
  },
  "rouge1": {
    "mean": 0.30680409955992666,
    "std": 0.10150705097861255,
    "variance": 0.010303681398374648,
    "count": 255,
    "min": 0.028602860286028604,
    "max": 0.7241379310344829
  },
  "rouge2": {
    "mean": 0.1134113335382286,
    "std": 0.08971652529207447,
    "variance": 0.008049054910483439,
    "count": 255,
    "min": 0.0,
    "max": 0.6071428571428571
  },
  "rougeL": {
    "mean": 0.23869784829128834,
    "std": 0.09611207771422775,
    "variance": 0.009237531482545754,
    "count": 255,
    "min": 0.017601760176017597,
    "max": 0.7241379310344829
  },
  "bert_precision": {
    "mean": 0.8653935191678066,
    "std": 0.02845369434184627,
    "variance": 0.0008096127216992145,
    "count": 255,
    "min": 0.764945924282074,
    "max": 0.9459441900253296
  },
  "bert_recall": {
    "mean": 0.84705891048207,
    "std": 0.030412556070565137,
    "variance": 0.0009249235667452684,
    "count": 255,
    "min": 0.6173889636993408,
    "max": 0.9521256685256958
  },
  "bert_f1": {
    "mean": 0.8558098402677797,
    "std": 0.025122599623129956,
    "variance": 0.0006311450118240894,
    "count": 255,
    "min": 0.7233883142471313,
    "max": 0.9490249156951904
  }
}