{
  "answer_relevancy": {
    "mean": 0.9766433239962652,
    "std": 0.08946558607517419,
    "variance": 0.0080040910917744,
    "count": 255,
    "min": 0.3333333333333333,
    "max": 1.0
  },
  "faithfulness": {
    "mean": 0.8590849673202614,
    "std": 0.28068394403792535,
    "variance": 0.0787834764406852,
    "count": 255,
    "min": 0.0,
    "max": 1.0
  },
  "contextual_relevancy": {
    "mean": 0.8180545883770659,
    "std": 0.19626475714185176,
    "variance": 0.03851985489595005,
    "count": 255,
    "min": 0.18181818181818182,
    "max": 1.0
  },
  "hallucination": {
    "mean": 0.4980392156862745,
    "std": 0.4999961553100934,
    "variance": 0.24999615532487504,
    "count": 255,
    "min": 0.0,
    "max": 1.0
  },
  "factual_correctness": {
    "mean": 0.7470920139550311,
    "std": 0.20504812002657596,
    "variance": 0.0420447315264331,
    "count": 255,
    "min": 0.0,
    "max": 1.0000000000000002
  },
  "bleu1": {
    "mean": 0.21370161712812613,
    "std": 0.10669007886445107,
    "variance": 0.01138277292810279,
    "count": 255,
    "min": 0.0,
    "max": 0.6428571428571429
  },
  "bleu2": {
    "mean": 0.11356517627769307,
    "std": 0.09557118666713653,
    "variance": 0.009133851720964656,
    "count": 255,
    "min": 0.0,
    "max": 0.5773502691896258
  },
  "bleu3": {
    "mean": 0.06878387665324606,
    "std": 0.0878677488171384,
    "variance": 0.0077207412821917246,
    "count": 255,
    "min": 0.0,
    "max": 0.5391859815249466
  },
  "bleu4": {
    "mean": 0.04272992792700561,
    "std": 0.0757741776889234,
    "variance": 0.005741726004432538,
    "count": 255,
    "min": 0.0,
    "max": 0.5100759298724028
  },
  "rouge1": {
    "mean": 0.3072425250579768,
    "std": 0.10937386050729206,
    "variance": 0.011962641362268581,
    "count": 255,
    "min": 0.0,
    "max": 0.7368421052631579
  },
  "rouge2": {
    "mean": 0.11645738944057243,
    "std": 0.09604423399293992,
    "variance": 0.009224494883290597,
    "count": 255,
    "min": 0.0,
    "max": 0.6181818181818183
  },
  "rougeL": {
    "mean": 0.24151305278069357,
    "std": 0.10441167352134641,
    "variance": 0.01090179756752823,
    "count": 255,
    "min": 0.0,
    "max": 0.7017543859649122
  },
  "bert_precision": {
    "mean": 0.8668631918290082,
    "std": 0.02771430075480612,
    "variance": 0.0007680824663278471,
    "count": 255,
    "min": 0.7357121706008911,
    "max": 0.9542292356491089
  },
  "bert_recall": {
    "mean": 0.8444444502101225,
    "std": 0.03251410203995088,
    "variance": 0.0010571668314643377,
    "count": 255,
    "min": 0.6173889636993408,
    "max": 0.9423049688339233
  },
  "bert_f1": {
    "mean": 0.8552215763166839,
    "std": 0.026513010341329434,
    "variance": 0.0007029397173594416,
    "count": 255,
    "min": 0.7233883142471313,
    "max": 0.9397351741790771
  }
}