{
  "answer_relevancy": {
    "mean": 0.9476377217553688,
    "std": 0.15201944047455135,
    "variance": 0.023109910282195664,
    "count": 255,
    "min": 0.0,
    "max": 1.0
  },
  "faithfulness": {
    "mean": 0.8755700798838053,
    "std": 0.2515898393672497,
    "variance": 0.06329744727283851,
    "count": 255,
    "min": 0.0,
    "max": 1.0
  },
  "contextual_relevancy": {
    "mean": 0.7827757279188333,
    "std": 0.20834211829837174,
    "variance": 0.043406438257052725,
    "count": 255,
    "min": 0.2,
    "max": 1.0
  },
  "hallucination": {
    "mean": 0.43137254901960786,
    "std": 0.4952678800123564,
    "variance": 0.24529027297193384,
    "count": 255,
    "min": 0.0,
    "max": 1.0
  },
  "factual_correctness": {
    "mean": 0.687568476041596,
    "std": 0.21014368869618202,
    "variance": 0.044160369898837856,
    "count": 255,
    "min": 0.0679178699175393,
    "max": 1.0
  },
  "bleu1": {
    "mean": 0.2178858542630079,
    "std": 0.11464479545764046,
    "variance": 0.01314342912552422,
    "count": 255,
    "min": 0.0,
    "max": 0.8143536762323635
  },
  "bleu2": {
    "mean": 0.11695494005307076,
    "std": 0.09962083545319565,
    "variance": 0.009924310856392685,
    "count": 255,
    "min": 0.0,
    "max": 0.6398166741645539
  },
  "bleu3": {
    "mean": 0.07252790532612148,
    "std": 0.08906916236990133,
    "variance": 0.007933315685275846,
    "count": 255,
    "min": 0.0,
    "max": 0.5726519641750293
  },
  "bleu4": {
    "mean": 0.043683622698899346,
    "std": 0.0762502206929178,
    "variance": 0.005814096155718669,
    "count": 255,
    "min": 0.0,
    "max": 0.5176799652410778
  },
  "rouge1": {
    "mean": 0.3122849248702902,
    "std": 0.12035214877784776,
    "variance": 0.014484639715445202,
    "count": 255,
    "min": 0.03076923076923077,
    "max": 0.962962962962963
  },
  "rouge2": {
    "mean": 0.11777226303871231,
    "std": 0.1029928525009307,
    "variance": 0.010607527666278465,
    "count": 255,
    "min": 0.0,
    "max": 0.7199999999999999
  },
  "rougeL": {
    "mean": 0.24449641828174137,
    "std": 0.11222499046842503,
    "variance": 0.01259444848563809,
    "count": 255,
    "min": 0.03076923076923077,
    "max": 0.888888888888889
  },
  "bert_precision": {
    "mean": 0.8690729307193382,
    "std": 0.029248790396543035,
    "variance": 0.000855491739660908,
    "count": 255,
    "min": 0.7555491924285889,
    "max": 0.9929955005645752
  },
  "bert_recall": {
    "mean": 0.8456949759932125,
    "std": 0.034522405115122924,
    "variance": 0.0011917964549326653,
    "count": 255,
    "min": 0.6173889636993408,
    "max": 0.980240523815155
  },
  "bert_f1": {
    "mean": 0.8569305969219582,
    "std": 0.028448390606938694,
    "variance": 0.0008093109281249578,
    "count": 255,
    "min": 0.7233883142471313,
    "max": 0.9865767359733582
  }
}