{
  "answer_relevancy": {
    "mean": 0.9598336304218656,
    "std": 0.12698173328816728,
    "variance": 0.016124360588867247,
    "count": 255,
    "min": 0.09090909090909091,
    "max": 1.0
  },
  "faithfulness": {
    "mean": 0.8868627450980391,
    "std": 0.2580312691229258,
    "variance": 0.06658013584518775,
    "count": 255,
    "min": 0.0,
    "max": 1.0
  },
  "contextual_relevancy": {
    "mean": 0.8091357289864488,
    "std": 0.20268892440559985,
    "variance": 0.041082800076698976,
    "count": 255,
    "min": 0.2,
    "max": 1.0
  },
  "hallucination": {
    "mean": 0.45098039215686275,
    "std": 0.4975912760960597,
    "variance": 0.2475970780469051,
    "count": 255,
    "min": 0.0,
    "max": 1.0
  },
  "factual_correctness": {
    "mean": 0.6663443121112729,
    "std": 0.2297125144639626,
    "variance": 0.05276783930135623,
    "count": 255,
    "min": 0.011920291419948607,
    "max": 1.0
  },
  "bleu1": {
    "mean": 0.21965993882921567,
    "std": 0.10555040391700062,
    "variance": 0.011140887767041979,
    "count": 255,
    "min": 0.0,
    "max": 0.5714285714285714
  },
  "bleu2": {
    "mean": 0.11169496569978896,
    "std": 0.09260930599855455,
    "variance": 0.008576483557533912,
    "count": 255,
    "min": 0.0,
    "max": 0.5020964452534338
  },
  "bleu3": {
    "mean": 0.06315065041637266,
    "std": 0.0836957847610017,
    "variance": 0.007004984386759924,
    "count": 255,
    "min": 0.0,
    "max": 0.4666714397329962
  },
  "bleu4": {
    "mean": 0.03670992323234803,
    "std": 0.0710283395542393,
    "variance": 0.005045025019832316,
    "count": 255,
    "min": 0.0,
    "max": 0.42984472663158646
  },
  "rouge1": {
    "mean": 0.30149016399487266,
    "std": 0.10682535913056118,
    "variance": 0.011411657353373373,
    "count": 255,
    "min": 0.006756756756756757,
    "max": 0.6666666666666667
  },
  "rouge2": {
    "mean": 0.10562953225610079,
    "std": 0.08781620192347012,
    "variance": 0.007711685320263677,
    "count": 255,
    "min": 0.0,
    "max": 0.53125
  },
  "rougeL": {
    "mean": 0.23331547368483127,
    "std": 0.09665241668092593,
    "variance": 0.00934168965026333,
    "count": 255,
    "min": 0.006578947368421053,
    "max": 0.6666666666666667
  },
  "bert_precision": {
    "mean": 0.8648850062314202,
    "std": 0.034655826888218784,
    "variance": 0.0012010263373061882,
    "count": 255,
    "min": 0.6155840158462524,
    "max": 0.9547107815742493
  },
  "bert_recall": {
    "mean": 0.8441800729901183,
    "std": 0.03176771565089903,
    "variance": 0.0010091877576763753,
    "count": 255,
    "min": 0.6173889636993408,
    "max": 0.9482752084732056
  },
  "bert_f1": {
    "mean": 0.854086455410602,
    "std": 0.0296666389827807,
    "variance": 0.0008801094685346435,
    "count": 255,
    "min": 0.6588403582572937,
    "max": 0.9407352805137634
  }
}