{
  "answer_relevancy": {
    "mean": 0.9356395891690009,
    "std": 0.157919997050408,
    "variance": 0.02493872546840087,
    "count": 255,
    "min": 0.0,
    "max": 1.0
  },
  "faithfulness": {
    "mean": 0.8584191062045734,
    "std": 0.27381736778331783,
    "variance": 0.07497595089978473,
    "count": 255,
    "min": 0.0,
    "max": 1.0
  },
  "contextual_relevancy": {
    "mean": 0.8214423473369622,
    "std": 0.1933673800631493,
    "variance": 0.03739094367248643,
    "count": 255,
    "min": 0.2222222222222222,
    "max": 1.0
  },
  "hallucination": {
    "mean": 0.47058823529411764,
    "std": 0.4991341984846218,
    "variance": 0.24913494809688583,
    "count": 255,
    "min": 0.0,
    "max": 1.0
  },
  "factual_correctness": {
    "mean": 0.6999839045743482,
    "std": 0.20807711500821027,
    "variance": 0.043296085790139965,
    "count": 255,
    "min": 0.004742587620689798,
    "max": 0.9999999999999998
  },
  "bleu1": {
    "mean": 0.22456040774470576,
    "std": 0.10776469117933837,
    "variance": 0.01161322866497817,
    "count": 255,
    "min": 0.0,
    "max": 0.7054014374088451
  },
  "bleu2": {
    "mean": 0.11541095448406694,
    "std": 0.09566366052573302,
    "variance": 0.009151535945182691,
    "count": 255,
    "min": 0.0,
    "max": 0.6492218466902328
  },
  "bleu3": {
    "mean": 0.0688168598102213,
    "std": 0.08758332852193396,
    "variance": 0.007670839434981009,
    "count": 255,
    "min": 0.0,
    "max": 0.6278695683265217
  },
  "bleu4": {
    "mean": 0.04203557411115029,
    "std": 0.07673655640905282,
    "variance": 0.005888499089519745,
    "count": 255,
    "min": 0.0,
    "max": 0.6099591026980941
  },
  "rouge1": {
    "mean": 0.30499086157631317,
    "std": 0.11336492371684519,
    "variance": 0.012851605929326127,
    "count": 255,
    "min": 0.0,
    "max": 0.8
  },
  "rouge2": {
    "mean": 0.1067439553887101,
    "std": 0.09367664127835586,
    "variance": 0.008775313121193765,
    "count": 255,
    "min": 0.0,
    "max": 0.6511627906976744
  },
  "rougeL": {
    "mean": 0.2380497788775391,
    "std": 0.10406887502598657,
    "variance": 0.010830330749174411,
    "count": 255,
    "min": 0.0,
    "max": 0.7555555555555555
  },
  "bert_precision": {
    "mean": 0.860845242060867,
    "std": 0.037882352872885446,
    "variance": 0.0014350726591858124,
    "count": 255,
    "min": 0.6372709274291992,
    "max": 0.9579899311065674
  },
  "bert_recall": {
    "mean": 0.8445155812244789,
    "std": 0.03671093901638543,
    "variance": 0.0013476930434647705,
    "count": 255,
    "min": 0.5903762578964233,
    "max": 0.9471999406814575
  },
  "bert_f1": {
    "mean": 0.852248646698746,
    "std": 0.03379434774273627,
    "variance": 0.001142057939356984,
    "count": 255,
    "min": 0.6159635782241821,
    "max": 0.9509016275405884
  }
}