{
  "answer_relevancy": {
    "mean": 0.9525552443199501,
    "std": 0.14814818456794035,
    "variance": 0.02194788459077652,
    "count": 255,
    "min": 0.0,
    "max": 1.0
  },
  "faithfulness": {
    "mean": 0.8891486291486291,
    "std": 0.267557362979176,
    "variance": 0.07158694248437053,
    "count": 255,
    "min": 0.0,
    "max": 1.0
  },
  "contextual_relevancy": {
    "mean": 0.8131159367827513,
    "std": 0.19374183459961786,
    "variance": 0.03753589847402568,
    "count": 255,
    "min": 0.2222222222222222,
    "max": 1.0
  },
  "hallucination": {
    "mean": 0.4823529411764706,
    "std": 0.4996884842728306,
    "variance": 0.24968858131487887,
    "count": 255,
    "min": 0.0,
    "max": 1.0
  },
  "factual_correctness": {
    "mean": 0.7004547604111802,
    "std": 0.20642400260414587,
    "variance": 0.042610868851116424,
    "count": 255,
    "min": 0.09706877705205928,
    "max": 1.0
  },
  "bleu1": {
    "mean": 0.2172820596092081,
    "std": 0.1261863571014691,
    "variance": 0.015922996718539483,
    "count": 255,
    "min": 0.0,
    "max": 1.0
  },
  "bleu2": {
    "mean": 0.12260507695055162,
    "std": 0.11618650605321094,
    "variance": 0.013499304188852824,
    "count": 255,
    "min": 0.0,
    "max": 1.0
  },
  "bleu3": {
    "mean": 0.07870535584250807,
    "std": 0.10995629860523916,
    "variance": 0.012090387602964518,
    "count": 255,
    "min": 0.0,
    "max": 1.0
  },
  "bleu4": {
    "mean": 0.051097916255973604,
    "std": 0.10114795132590294,
    "variance": 0.010230908057427232,
    "count": 255,
    "min": 0.0,
    "max": 1.0
  },
  "rouge1": {
    "mean": 0.31179826353947093,
    "std": 0.13100857691021897,
    "variance": 0.017163247224040758,
    "count": 255,
    "min": 0.0,
    "max": 1.0
  },
  "rouge2": {
    "mean": 0.12383243400536405,
    "std": 0.12108305051352165,
    "variance": 0.014661105121660037,
    "count": 255,
    "min": 0.0,
    "max": 1.0
  },
  "rougeL": {
    "mean": 0.24938602859041054,
    "std": 0.1246768438980945,
    "variance": 0.015544315404389823,
    "count": 255,
    "min": 0.0,
    "max": 1.0
  },
  "bert_precision": {
    "mean": 0.870451234368717,
    "std": 0.029898966588039356,
    "variance": 0.0008939482030326937,
    "count": 255,
    "min": 0.7836765050888062,
    "max": 1.0
  },
  "bert_recall": {
    "mean": 0.8459799163481768,
    "std": 0.03602903974438656,
    "variance": 0.0012980917049025863,
    "count": 255,
    "min": 0.6173889636993408,
    "max": 1.0
  },
  "bert_f1": {
    "mean": 0.8577252023360309,
    "std": 0.02942037142450809,
    "variance": 0.0008655582547560122,
    "count": 255,
    "min": 0.7233883142471313,
    "max": 1.0
  }
}