{
  "answer_relevancy": {
    "mean": 0.9675007780890132,
    "std": 0.11403819048513227,
    "variance": 0.013004708889123312,
    "count": 255,
    "min": 0.0,
    "max": 1.0
  },
  "faithfulness": {
    "mean": 0.8822408963585435,
    "std": 0.2740745000346238,
    "variance": 0.07511683156922899,
    "count": 255,
    "min": 0.0,
    "max": 1.0
  },
  "contextual_relevancy": {
    "mean": 0.7924986276917169,
    "std": 0.20336818855474995,
    "variance": 0.04135862011604032,
    "count": 255,
    "min": 0.15384615384615385,
    "max": 1.0
  },
  "hallucination": {
    "mean": 0.47843137254901963,
    "std": 0.49953457769195597,
    "variance": 0.24953479430988082,
    "count": 255,
    "min": 0.0,
    "max": 1.0
  },
  "factual_correctness": {
    "mean": 0.7119415378953903,
    "std": 0.20346408988928888,
    "variance": 0.041397635874476625,
    "count": 255,
    "min": 0.09186863476236468,
    "max": 1.0
  },
  "bleu1": {
    "mean": 0.21651477455826898,
    "std": 0.10753067410243186,
    "variance": 0.011562845872923411,
    "count": 255,
    "min": 0.0,
    "max": 0.6296296296296297
  },
  "bleu2": {
    "mean": 0.11243040729374515,
    "std": 0.09309536937792415,
    "variance": 0.008666747799612136,
    "count": 255,
    "min": 0.0,
    "max": 0.5822639771026017
  },
  "bleu3": {
    "mean": 0.06801879815716692,
    "std": 0.08198097864922836,
    "variance": 0.006720880860285237,
    "count": 255,
    "min": 0.0,
    "max": 0.5492736396377268
  },
  "bleu4": {
    "mean": 0.04007671709123897,
    "std": 0.07013220417542682,
    "variance": 0.004918526062503755,
    "count": 255,
    "min": 0.0,
    "max": 0.522595458703911
  },
  "rouge1": {
    "mean": 0.3070555717687121,
    "std": 0.10756082593226782,
    "variance": 0.011569331275231617,
    "count": 255,
    "min": 0.008298755186721992,
    "max": 0.7017543859649122
  },
  "rouge2": {
    "mean": 0.10878690990096382,
    "std": 0.09153562173895007,
    "variance": 0.008378770047136148,
    "count": 255,
    "min": 0.0,
    "max": 0.6181818181818183
  },
  "rougeL": {
    "mean": 0.23855877493901897,
    "std": 0.09876230394446744,
    "variance": 0.00975399268041937,
    "count": 255,
    "min": 0.008298755186721992,
    "max": 0.7017543859649122
  },
  "bert_precision": {
    "mean": 0.8668755005387699,
    "std": 0.029869188023590884,
    "variance": 0.0008921683931886251,
    "count": 255,
    "min": 0.667251467704773,
    "max": 0.9410683512687683
  },
  "bert_recall": {
    "mean": 0.8448782191557043,
    "std": 0.0330181524036498,
    "variance": 0.0010901983881506452,
    "count": 255,
    "min": 0.6173888444900513,
    "max": 0.948577880859375
  },
  "bert_f1": {
    "mean": 0.8554356941989824,
    "std": 0.027884455050545452,
    "variance": 0.0007775428334658897,
    "count": 255,
    "min": 0.7101421356201172,
    "max": 0.9433783292770386
  }
}