{
  "answer_relevancy": {
    "mean": 0.9647956618544853,
    "std": 0.12338761856634937,
    "variance": 0.015224504415474923,
    "count": 255,
    "min": 0.0,
    "max": 1.0
  },
  "faithfulness": {
    "mean": 0.8778431372549018,
    "std": 0.2592815812144051,
    "variance": 0.06722693835704215,
    "count": 255,
    "min": 0.0,
    "max": 1.0
  },
  "contextual_relevancy": {
    "mean": 0.8158545980514418,
    "std": 0.19633243220611782,
    "variance": 0.03854642393596985,
    "count": 255,
    "min": 0.14285714285714285,
    "max": 1.0
  },
  "hallucination": {
    "mean": 0.48627450980392156,
    "std": 0.49981157541505306,
    "variance": 0.24981161091887727,
    "count": 255,
    "min": 0.0,
    "max": 1.0
  },
  "factual_correctness": {
    "mean": 0.6646454439072317,
    "std": 0.22460321483329296,
    "variance": 0.05044660411345035,
    "count": 255,
    "min": 0.10241276911749611,
    "max": 1.0
  },
  "bleu1": {
    "mean": 0.2227550953302503,
    "std": 0.10778515932627462,
    "variance": 0.011617640570990405,
    "count": 255,
    "min": 0.0,
    "max": 0.7407407407407407
  },
  "bleu2": {
    "mean": 0.1185217915400354,
    "std": 0.09590755075174026,
    "variance": 0.009198258291197635,
    "count": 255,
    "min": 0.0,
    "max": 0.6751595780557778
  },
  "bleu3": {
    "mean": 0.07157070603602271,
    "std": 0.0871720932752051,
    "variance": 0.007598973845981059,
    "count": 255,
    "min": 0.0,
    "max": 0.6218553130603535
  },
  "bleu4": {
    "mean": 0.042653818183282365,
    "std": 0.07452994603318007,
    "variance": 0.005554712855708733,
    "count": 255,
    "min": 0.0,
    "max": 0.5741156866422447
  },
  "rouge1": {
    "mean": 0.30461908432856105,
    "std": 0.10658109818731969,
    "variance": 0.01135953049081508,
    "count": 255,
    "min": 0.0,
    "max": 0.7719298245614036
  },
  "rouge2": {
    "mean": 0.11019101659362096,
    "std": 0.08853911600981829,
    "variance": 0.007839175063800061,
    "count": 255,
    "min": 0.0,
    "max": 0.6545454545454547
  },
  "rougeL": {
    "mean": 0.2383776476297788,
    "std": 0.09984027909261273,
    "variance": 0.009968081329290801,
    "count": 255,
    "min": 0.0,
    "max": 0.7719298245614036
  },
  "bert_precision": {
    "mean": 0.8637632706586053,
    "std": 0.031122842730147118,
    "variance": 0.0009686313396054712,
    "count": 255,
    "min": 0.6638307571411133,
    "max": 0.9649274945259094
  },
  "bert_recall": {
    "mean": 0.8447948846162534,
    "std": 0.031140512445428817,
    "variance": 0.000969731515363907,
    "count": 255,
    "min": 0.6173889636993408,
    "max": 0.9488943219184875
  },
  "bert_f1": {
    "mean": 0.8538629861438976,
    "std": 0.027194131408760695,
    "variance": 0.000739520783076945,
    "count": 255,
    "min": 0.7092239856719971,
    "max": 0.9406059384346008
  }
}