{
  "answer_relevancy": {
    "mean": 0.7542629352750819,
    "std": 0.27272794540229667,
    "variance": 0.07438053220335812,
    "count": 255,
    "min": 0.03571428571428571,
    "max": 1.0
  },
  "faithfulness": {
    "mean": 0.8765635762840109,
    "std": 0.24043141060503545,
    "variance": 0.057807263205527155,
    "count": 255,
    "min": 0.0,
    "max": 1.0
  },
  "contextual_relevancy": {
    "mean": 0.7996532436819224,
    "std": 0.1994285283228736,
    "variance": 0.0397717379090272,
    "count": 255,
    "min": 0.14285714285714285,
    "max": 1.0
  },
  "hallucination": {
    "mean": 0.8392156862745098,
    "std": 0.3673318910540076,
    "variance": 0.13493271818531333,
    "count": 255,
    "min": 0.0,
    "max": 1.0
  },
  "factual_correctness": {
    "mean": 0.6961080847387395,
    "std": 0.23211834389860583,
    "variance": 0.05387892557423145,
    "count": 255,
    "min": 0.09525741239613983,
    "max": 0.9562176500885797
  },
  "bleu1": {
    "mean": 0.01860678616478001,
    "std": 0.014067767796103773,
    "variance": 0.00019790209076509443,
    "count": 255,
    "min": 0.0028195488721804514,
    "max": 0.10344827586206899
  },
  "bleu2": {
    "mean": 0.008461644157274127,
    "std": 0.007074417510550795,
    "variance": 5.0047383113587706e-05,
    "count": 255,
    "min": 7.920671996915762e-156,
    "max": 0.05985502712621093
  },
  "bleu3": {
    "mean": 0.004179851785941496,
    "std": 0.005128099799456276,
    "variance": 2.6297407553183502e-05,
    "count": 255,
    "min": 1.2817596669978856e-204,
    "max": 0.0440733774309514
  },
  "bleu4": {
    "mean": 0.002154751085033254,
    "std": 0.003731383274830263,
    "variance": 1.392322114368302e-05,
    "count": 255,
    "min": 4.198104358177364e-232,
    "max": 0.034152066331975435
  },
  "rouge1": {
    "mean": 0.04032487943679296,
    "std": 0.027867425784070796,
    "variance": 0.0007765934198306938,
    "count": 255,
    "min": 0.005352363960749331,
    "max": 0.2151898734177215
  },
  "rouge2": {
    "mean": 0.011359681546540282,
    "std": 0.009150177300492677,
    "variance": 8.372574463045143e-05,
    "count": 255,
    "min": 0.0,
    "max": 0.07006369426751594
  },
  "rougeL": {
    "mean": 0.03208130608892843,
    "std": 0.019404268259282428,
    "variance": 0.0003765256266781955,
    "count": 255,
    "min": 0.005352363960749331,
    "max": 0.16455696202531644
  },
  "bert_precision": {
    "mean": 0.7463583633011462,
    "std": 0.04084094156271599,
    "variance": 0.0016679825077291826,
    "count": 255,
    "min": 0.5730903744697571,
    "max": 0.8334465622901917
  },
  "bert_recall": {
    "mean": 0.8146282408751694,
    "std": 0.026768997793340934,
    "variance": 0.0007165792428598919,
    "count": 255,
    "min": 0.7002741694450378,
    "max": 0.8710110187530518
  },
  "bert_f1": {
    "mean": 0.7787224582597321,
    "std": 0.03251422054521958,
    "variance": 0.0010571745376631793,
    "count": 255,
    "min": 0.6303307414054871,
    "max": 0.8501580357551575
  }
}