{
  "answer_relevancy": {
    "mean": 0.9507563025210083,
    "std": 0.12555964006586032,
    "variance": 0.015765223213468394,
    "count": 255,
    "min": 0.25,
    "max": 1.0
  },
  "faithfulness": {
    "mean": 0.8829084967320261,
    "std": 0.2499326364879866,
    "variance": 0.06246632278183605,
    "count": 255,
    "min": 0.0,
    "max": 1.0
  },
  "contextual_relevancy": {
    "mean": 0.7820130447030347,
    "std": 0.20334582841832174,
    "variance": 0.041349525935133545,
    "count": 255,
    "min": 0.15384615384615385,
    "max": 1.0
  },
  "hallucination": {
    "mean": 0.43529411764705883,
    "std": 0.49579547072248187,
    "variance": 0.24581314878892735,
    "count": 255,
    "min": 0.0,
    "max": 1.0
  },
  "factual_correctness": {
    "mean": 0.7211483973324906,
    "std": 0.20184067805267342,
    "variance": 0.04073965931676296,
    "count": 255,
    "min": 0.1,
    "max": 1.0
  },
  "bleu1": {
    "mean": 0.2117551172926315,
    "std": 0.11127660528135482,
    "variance": 0.012382482882942442,
    "count": 255,
    "min": 0.0,
    "max": 0.7037037037037037
  },
  "bleu2": {
    "mean": 0.11028004286078624,
    "std": 0.09704729583106997,
    "variance": 0.00941817762812321,
    "count": 255,
    "min": 0.0,
    "max": 0.6371678789635475
  },
  "bleu3": {
    "mean": 0.06693086856880982,
    "std": 0.08744340583837992,
    "variance": 0.007646349224615615,
    "count": 255,
    "min": 0.0,
    "max": 0.5985337718539728
  },
  "bleu4": {
    "mean": 0.0422239025409131,
    "std": 0.07552195336876416,
    "variance": 0.005703565440633789,
    "count": 255,
    "min": 0.0,
    "max": 0.5577288803545524
  },
  "rouge1": {
    "mean": 0.3018405750354835,
    "std": 0.10939273719851801,
    "variance": 0.011966770951784026,
    "count": 255,
    "min": 0.0198019801980198,
    "max": 0.7857142857142856
  },
  "rouge2": {
    "mean": 0.1075296359602586,
    "std": 0.09215478680189718,
    "variance": 0.008492504730503123,
    "count": 255,
    "min": 0.0,
    "max": 0.6296296296296295
  },
  "rougeL": {
    "mean": 0.23539754964283174,
    "std": 0.10027794277717653,
    "variance": 0.010055665807622691,
    "count": 255,
    "min": 0.014127144298688193,
    "max": 0.7857142857142856
  },
  "bert_precision": {
    "mean": 0.8657772837900648,
    "std": 0.03019176017054893,
    "variance": 0.0009115423821959447,
    "count": 255,
    "min": 0.6588796973228455,
    "max": 0.9375330209732056
  },
  "bert_recall": {
    "mean": 0.8442627813301834,
    "std": 0.03206260581121397,
    "variance": 0.001028010691405292,
    "count": 255,
    "min": 0.6173889636993408,
    "max": 0.9521623849868774
  },
  "bert_f1": {
    "mean": 0.8545397847306495,
    "std": 0.0268595768425418,
    "variance": 0.0007214368681604077,
    "count": 255,
    "min": 0.7198412418365479,
    "max": 0.9447910785675049
  }
}