{
  "answer_relevancy": {
    "mean": 0.9599005485122276,
    "std": 0.13193668660127708,
    "variance": 0.01740728927132361,
    "count": 1516,
    "min": 0.0,
    "max": 1.0
  },
  "faithfulness": {
    "mean": 0.8686643224155375,
    "std": 0.28240975792318956,
    "variance": 0.07975527137023453,
    "count": 1516,
    "min": 0.0,
    "max": 1.0
  },
  "contextual_relevancy": {
    "mean": 0.7582158844012953,
    "std": 0.26032871793993617,
    "variance": 0.06777104138425086,
    "count": 1516,
    "min": 0.07692307692307693,
    "max": 1.0
  },
  "hallucination": {
    "mean": 0.4716358839050132,
    "std": 0.4991948286171944,
    "variance": 0.24919547691815008,
    "count": 1516,
    "min": 0.0,
    "max": 1.0
  },
  "factual_correctness": {
    "mean": 0.61329079121068,
    "std": 0.22256964076405447,
    "variance": 0.04953724498984025,
    "count": 1516,
    "min": 0.06791786926816161,
    "max": 1.0
  },
  "bleu1": {
    "mean": 0.18972687912527908,
    "std": 0.11691819154010755,
    "variance": 0.013669863513009275,
    "count": 1516,
    "min": 0.0,
    "max": 0.9565217391304348
  },
  "bleu2": {
    "mean": 0.09809410157371268,
    "std": 0.09821805623523247,
    "variance": 0.009646786570627288,
    "count": 1516,
    "min": 0.0,
    "max": 0.9325048082403138
  },
  "bleu3": {
    "mean": 0.05799244241126577,
    "std": 0.08627191134205675,
    "variance": 0.0074428426866117,
    "count": 1516,
    "min": 0.0,
    "max": 0.9075640241294178
  },
  "bleu4": {
    "mean": 0.03394899535056594,
    "std": 0.07371676427527576,
    "variance": 0.005434161335216573,
    "count": 1516,
    "min": 0.0,
    "max": 0.8787419089273848
  },
  "rouge1": {
    "mean": 0.29396511956859656,
    "std": 0.12222215275383173,
    "variance": 0.014938254623780978,
    "count": 1516,
    "min": 0.0,
    "max": 0.9795918367346939
  },
  "rouge2": {
    "mean": 0.10525455037561021,
    "std": 0.10265304048492897,
    "variance": 0.010537646720800466,
    "count": 1516,
    "min": 0.0,
    "max": 0.9361702127659574
  },
  "rougeL": {
    "mean": 0.22719198065885376,
    "std": 0.10923835591849834,
    "variance": 0.011933018403776521,
    "count": 1516,
    "min": 0.0,
    "max": 0.9795918367346939
  },
  "bert_precision": {
    "mean": 0.8691410439231465,
    "std": 0.03332607564433905,
    "variance": 0.0011106273178522084,
    "count": 1516,
    "min": 0.6582576036453247,
    "max": 0.9980080127716064
  },
  "bert_recall": {
    "mean": 0.8374953410320357,
    "std": 0.040187829939369896,
    "variance": 0.0016150616752357153,
    "count": 1516,
    "min": 0.498951256275177,
    "max": 0.9980080127716064
  },
  "bert_f1": {
    "mean": 0.8526634682844685,
    "std": 0.033328792963427514,
    "variance": 0.0011108084403990152,
    "count": 1516,
    "min": 0.5945713520050049,
    "max": 0.9980080127716064
  }
}