{
  "answer_relevancy": {
    "mean": 0.9560392132786594,
    "std": 0.1385079086154294,
    "variance": 0.019184440749020138,
    "count": 1516,
    "min": 0.0,
    "max": 1.0
  },
  "faithfulness": {
    "mean": 0.86637663860619,
    "std": 0.2851264348956439,
    "variance": 0.08129708387629986,
    "count": 1516,
    "min": 0.0,
    "max": 1.0
  },
  "contextual_relevancy": {
    "mean": 0.7453704478872358,
    "std": 0.26504216423473587,
    "variance": 0.07024734882223269,
    "count": 1516,
    "min": 0.05,
    "max": 1.0
  },
  "hallucination": {
    "mean": 0.46767810026385226,
    "std": 0.4989542011021116,
    "variance": 0.24895529479744638,
    "count": 1516,
    "min": 0.0,
    "max": 1.0
  },
  "factual_correctness": {
    "mean": 0.6205541040122641,
    "std": 0.2205064951516389,
    "variance": 0.048623114404059746,
    "count": 1516,
    "min": 0.021671366681968705,
    "max": 1.0
  },
  "bleu1": {
    "mean": 0.19775265008611428,
    "std": 0.11410492961523269,
    "variance": 0.013019934962497207,
    "count": 1516,
    "min": 0.0,
    "max": 0.9230769230769231
  },
  "bleu2": {
    "mean": 0.10167595367420211,
    "std": 0.09269144596666512,
    "variance": 0.008591704155391199,
    "count": 1516,
    "min": 0.0,
    "max": 0.8770580193070293
  },
  "bleu3": {
    "mean": 0.057686691572362295,
    "std": 0.07957649903619125,
    "variance": 0.006332419198856947,
    "count": 1516,
    "min": 0.0,
    "max": 0.8255793154384929
  },
  "bleu4": {
    "mean": 0.03185047799946002,
    "std": 0.06566903905068092,
    "variance": 0.004312422689839854,
    "count": 1516,
    "min": 0.0,
    "max": 0.7611606003349892
  },
  "rouge1": {
    "mean": 0.2978237920264209,
    "std": 0.11375399381986259,
    "variance": 0.012939971109969335,
    "count": 1516,
    "min": 0.0,
    "max": 0.9032258064516129
  },
  "rouge2": {
    "mean": 0.10411970949134003,
    "std": 0.08943239372702966,
    "variance": 0.007998153047746454,
    "count": 1516,
    "min": 0.0,
    "max": 0.8275862068965518
  },
  "rougeL": {
    "mean": 0.229128856147933,
    "std": 0.09658416255247998,
    "variance": 0.009328500455963876,
    "count": 1516,
    "min": 0.0,
    "max": 0.9032258064516129
  },
  "bert_precision": {
    "mean": 0.869152302674379,
    "std": 0.03097833020523633,
    "variance": 0.0009596569423046575,
    "count": 1516,
    "min": 0.6257254481315613,
    "max": 0.9863689541816711
  },
  "bert_recall": {
    "mean": 0.8380974174961251,
    "std": 0.037655053682962014,
    "variance": 0.0014179030678667514,
    "count": 1516,
    "min": 0.49545544385910034,
    "max": 0.9876436591148376
  },
  "bert_f1": {
    "mean": 0.8530368592619582,
    "std": 0.031116874704432865,
    "variance": 0.000968259891371374,
    "count": 1516,
    "min": 0.5530223846435547,
    "max": 0.9864916205406189
  }
}