{
  "answer_relevancy": {
    "mean": 0.9603329296407467,
    "std": 0.12885346259430774,
    "variance": 0.016603214822542664,
    "count": 1516,
    "min": 0.0,
    "max": 1.0
  },
  "faithfulness": {
    "mean": 0.8536724672278763,
    "std": 0.302484170835311,
    "variance": 0.09149667360592562,
    "count": 1516,
    "min": 0.0,
    "max": 1.0
  },
  "contextual_relevancy": {
    "mean": 0.7585924358247081,
    "std": 0.2615749565164062,
    "variance": 0.0684214578765598,
    "count": 1516,
    "min": 0.05,
    "max": 1.0
  },
  "hallucination": {
    "mean": 0.46174142480211083,
    "std": 0.4985341326567595,
    "variance": 0.24853628142382747,
    "count": 1516,
    "min": 0.0,
    "max": 1.0
  },
  "factual_correctness": {
    "mean": 0.6044230534912446,
    "std": 0.2058171867916701,
    "variance": 0.04236071437883722,
    "count": 1516,
    "min": 0.09277793749859806,
    "max": 1.0
  },
  "bleu1": {
    "mean": 0.19341403778487545,
    "std": 0.1177388568169541,
    "variance": 0.013862438404563221,
    "count": 1516,
    "min": 0.0,
    "max": 0.9130434782608695
  },
  "bleu2": {
    "mean": 0.10174724052649874,
    "std": 0.09600622239198725,
    "variance": 0.009217194737979715,
    "count": 1516,
    "min": 0.0,
    "max": 0.8643121965600912
  },
  "bleu3": {
    "mean": 0.05937062384269866,
    "std": 0.08340204348931546,
    "variance": 0.006955900858193666,
    "count": 1516,
    "min": 0.0,
    "max": 0.8127937802851734
  },
  "bleu4": {
    "mean": 0.03441261328743252,
    "std": 0.06952160387341061,
    "variance": 0.0048332534051314215,
    "count": 1516,
    "min": 0.0,
    "max": 0.7522135016840221
  },
  "rouge1": {
    "mean": 0.2992785050139878,
    "std": 0.1168311149969166,
    "variance": 0.01364950943142275,
    "count": 1516,
    "min": 0.0,
    "max": 0.9387755102040817
  },
  "rouge2": {
    "mean": 0.10739275394382146,
    "std": 0.09346170197137428,
    "variance": 0.008735089735385986,
    "count": 1516,
    "min": 0.0,
    "max": 0.851063829787234
  },
  "rougeL": {
    "mean": 0.2313089573796156,
    "std": 0.1031954274058257,
    "variance": 0.010649296237471042,
    "count": 1516,
    "min": 0.0,
    "max": 0.9387755102040817
  },
  "bert_precision": {
    "mean": 0.8710084114430133,
    "std": 0.0325273788006934,
    "variance": 0.0010580303716437988,
    "count": 1516,
    "min": 0.5914244651794434,
    "max": 0.992954432964325
  },
  "bert_recall": {
    "mean": 0.8382986020444251,
    "std": 0.03874225164555398,
    "variance": 0.00150096206256743,
    "count": 1516,
    "min": 0.5048511028289795,
    "max": 0.992954432964325
  },
  "bert_f1": {
    "mean": 0.8540044884175299,
    "std": 0.03221066669830141,
    "variance": 0.0010375270491490632,
    "count": 1516,
    "min": 0.5801416039466858,
    "max": 0.992954432964325
  }
}