{
  "answer_relevancy": {
    "mean": 0.7270170388121697,
    "std": 0.29731769131549574,
    "variance": 0.08839780956917642,
    "count": 1516,
    "min": 0.0,
    "max": 1.0
  },
  "faithfulness": {
    "mean": 0.8878301531628574,
    "std": 0.22478566612941667,
    "variance": 0.05052859569724558,
    "count": 1516,
    "min": 0.0,
    "max": 1.0
  },
  "contextual_relevancy": {
    "mean": 0.7436520661206867,
    "std": 0.2651188043395004,
    "variance": 0.07028798041440631,
    "count": 1516,
    "min": 0.05263157894736842,
    "max": 1.0
  },
  "hallucination": {
    "mean": 0.753957783641161,
    "std": 0.43070342943616,
    "variance": 0.1855054441280693,
    "count": 1516,
    "min": 0.0,
    "max": 1.0
  },
  "factual_correctness": {
    "mean": 0.5664080445707635,
    "std": 0.2360069768255299,
    "variance": 0.0556992931103262,
    "count": 1516,
    "min": 0.009534947068315557,
    "max": 0.9148047194272744
  },
  "bleu1": {
    "mean": 0.01923968184466309,
    "std": 0.016061545910334284,
    "variance": 0.000257973257029776,
    "count": 1516,
    "min": 0.0008223684210526313,
    "max": 0.1638418079096045
  },
  "bleu2": {
    "mean": 0.009021316555784144,
    "std": 0.008622642833535586,
    "variance": 7.43499694347226e-05,
    "count": 1516,
    "min": 4.2776517807625714e-156,
    "max": 0.10119344343558173
  },
  "bleu3": {
    "mean": 0.004713909190808424,
    "std": 0.006040234231872615,
    "variance": 3.648442957588576e-05,
    "count": 1516,
    "min": 8.535308935079982e-205,
    "max": 0.07622200424169
  },
  "bleu4": {
    "mean": 0.002292869468532774,
    "std": 0.0041116067395432715,
    "variance": 1.690530998065765e-05,
    "count": 1516,
    "min": 3.0851403781954294e-232,
    "max": 0.058572852414486724
  },
  "rouge1": {
    "mean": 0.04185141106967472,
    "std": 0.03080160684388251,
    "variance": 0.0009487389841651099,
    "count": 1516,
    "min": 0.0016103059581320449,
    "max": 0.272
  },
  "rouge2": {
    "mean": 0.0122332149463722,
    "std": 0.010874194908293057,
    "variance": 0.00011824811490354664,
    "count": 1516,
    "min": 0.0,
    "max": 0.12096774193548387
  },
  "rougeL": {
    "mean": 0.03376504500619926,
    "std": 0.021731846168797222,
    "variance": 0.00047227313790426645,
    "count": 1516,
    "min": 0.0016103059581320449,
    "max": 0.17600000000000002
  },
  "bert_precision": {
    "mean": 0.7505665533146317,
    "std": 0.042893491651764495,
    "variance": 0.0018398516260799906,
    "count": 1516,
    "min": 0.5959891080856323,
    "max": 0.8536374568939209
  },
  "bert_recall": {
    "mean": 0.8137803783438765,
    "std": 0.0270629416846337,
    "variance": 0.0007324028126258843,
    "count": 1516,
    "min": 0.6777781248092651,
    "max": 0.8815575838088989
  },
  "bert_f1": {
    "mean": 0.7805936458400183,
    "std": 0.03372416835637681,
    "variance": 0.001137319531329247,
    "count": 1516,
    "min": 0.6513945460319519,
    "max": 0.8576236963272095
  }
}