{
  "answer_relevancy": {
    "mean": 0.8630173265787456,
    "std": 0.2146384164897647,
    "variance": 0.046069649833233695,
    "count": 1516,
    "min": 0.0,
    "max": 1.0
  },
  "faithfulness": {
    "mean": 0.9594131276465787,
    "std": 0.11332124609788674,
    "variance": 0.01284170481717781,
    "count": 1516,
    "min": 0.0,
    "max": 1.0
  },
  "contextual_relevancy": {
    "mean": 0.7160093918834024,
    "std": 0.33290370261536073,
    "variance": 0.11082487521501654,
    "count": 1516,
    "min": 0.0,
    "max": 1.0
  },
  "hallucination": {
    "mean": 0.370712401055409,
    "std": 0.4829955659829007,
    "variance": 0.2332847167591426,
    "count": 1516,
    "min": 0.0,
    "max": 1.0
  },
  "factual_correctness": {
    "mean": 0.7846917977176746,
    "std": 0.1883237788858391,
    "variance": 0.03546584569384242,
    "count": 1516,
    "min": 0.1,
    "max": 1.0000000000000002
  },
  "bleu1": {
    "mean": 0.15509636179444553,
    "std": 0.1323508856127696,
    "variance": 0.01751675692248442,
    "count": 1516,
    "min": 0.0,
    "max": 0.9047619047619048
  },
  "bleu2": {
    "mean": 0.10136993551603082,
    "std": 0.11963767658914994,
    "variance": 0.014313173659650034,
    "count": 1516,
    "min": 0.0,
    "max": 0.8769536014223438
  },
  "bleu3": {
    "mean": 0.07442705477229923,
    "std": 0.11110084112769361,
    "variance": 0.012343396899281017,
    "count": 1516,
    "min": 0.0,
    "max": 0.8481760277659671
  },
  "bleu4": {
    "mean": 0.055044988158142856,
    "std": 0.1012864287983267,
    "variance": 0.010258940658718504,
    "count": 1516,
    "min": 0.0,
    "max": 0.8289657839357887
  },
  "rouge1": {
    "mean": 0.25617006063093656,
    "std": 0.16538119055241038,
    "variance": 0.027350938188532674,
    "count": 1516,
    "min": 0.0,
    "max": 0.967741935483871
  },
  "rouge2": {
    "mean": 0.12783153953776788,
    "std": 0.14499381085257917,
    "variance": 0.021023205185553506,
    "count": 1516,
    "min": 0.0,
    "max": 0.909090909090909
  },
  "rougeL": {
    "mean": 0.20126785991531285,
    "std": 0.15264682664526152,
    "variance": 0.023301053684868525,
    "count": 1516,
    "min": 0.0,
    "max": 0.9565217391304348
  },
  "bert_precision": {
    "mean": 0.7927371585510652,
    "std": 0.06286344950378052,
    "variance": 0.003951813283514363,
    "count": 1516,
    "min": 0.5211015939712524,
    "max": 0.9935091733932495
  },
  "bert_recall": {
    "mean": 0.8539231460059853,
    "std": 0.05079843641478611,
    "variance": 0.0025804811421870676,
    "count": 1516,
    "min": 0.5271749496459961,
    "max": 0.9935731291770935
  },
  "bert_f1": {
    "mean": 0.8215156961478155,
    "std": 0.053391207590404416,
    "variance": 0.002850621047961658,
    "count": 1516,
    "min": 0.5733869075775146,
    "max": 0.9808415174484253
  }
}